User_Id,Location,Age,Email,Password
1,"Semarang, Jawa Tengah",24,1@gmail.com,'r4c.I#v&JR:
2,"Bekasi, Jawa Barat",25,2@gmail.com,!{`brhuz{cbD
3,"Bandung, Jawa Barat",23,3@gmail.com,@RhN5bO&Sl44
4,"Bekasi, Jawa Barat",21,4@gmail.com,"yy:Q""br=83)7"
5,"Bandung, Jawa Barat",20,5@gmail.com,"i=u>TN(MrQc"""
6,"Jakarta Utara, DKI Jakarta",18,6@gmail.com,s7e@U$pQ!L;
7,"Jakarta Selatan, DKI Jakarta",39,7@gmail.com,"ux}Flx,TopZ%"
8,"Bandung, Jawa Barat",40,8@gmail.com,";\wNNg""NI`8B"
9,"Surabaya, Jawa Timur",38,9@gmail.com,;a_n./ldA7(T
10,"Bandung, Jawa Barat",39,10@gmail.com,$kwDcu-*zy3|
11,"Bandung, Jawa Barat",20,11@gmail.com,_qk6u%CAgNBI
12,"Bandung, Jawa Barat",37,12@gmail.com,"aAoD]o?Ly$""+"
13,"Depok, Jawa Barat",18,13@gmail.com,+g3>:E+KG)UU
14,"Jakarta Pusat, DKI Jakarta",26,14@gmail.com,6HhFhv~nk}Ze
15,"Bandung, Jawa Barat",34,15@gmail.com,x2k*N%mH8Z@
16,"Bekasi, Jawa Barat",25,16@gmail.com,Yuan+66`j_cr
17,"Semarang, Jawa Tengah",23,17@gmail.com,LW(mj7$[O~Fp
18,"Bandung, Jawa Barat",19,18@gmail.com,{}M/_^/f`;tV
19,"Cirebon, Jawa Barat",26,19@gmail.com,[4!8{#-%:Ntu
20,"Lampung, Sumatera Selatan",23,20@gmail.com,`+aV;4=JLnzq
21,"Bandung, Jawa Barat",23,21@gmail.com,O7TM`FYVs<)|
22,"Subang, Jawa Barat",25,22@gmail.com,ZvDCNnlNV_6N
23,"Bandung, Jawa Barat",28,23@gmail.com,"""hrLglt5/ywk"
24,"Bekasi, Jawa Barat",26,24@gmail.com,3Nc%]2[Sll!/
25,"Lampung, Sumatera Selatan",31,25@gmail.com,"U{!}08(VMQY,"
26,"Palembang, Sumatera Selatan",38,26@gmail.com,"Z@$OLtp,iy$D"
27,"Bandung, Jawa Barat",22,27@gmail.com,Cmp@k~foc>3&
28,"Sragen, Jawa Tengah",38,28@gmail.com,-3L3d8Fi:jS$
29,"Ponorogo, Jawa Timur",34,29@gmail.com,88@`u_Cbte{:
30,"Depok, Jawa Barat",30,30@gmail.com,"jP#""nO*}S_=)"
31,"Jakarta Selatan, DKI Jakarta",26,31@gmail.com,oFh4{y%R(w4y
32,"Bekasi, Jawa Barat",34,32@gmail.com,ph|DK#b$2-Vd
33,"Ponorogo, Jawa Timur",24,33@gmail.com,LCm5^J(iv_t\
34,"Sragen, Jawa Tengah",31,34@gmail.com,#mmyQ&w\'67K
35,"Klaten, Jawa Tengah",24,35@gmail.com,oxVtO~M\&y9V
36,"Solo, Jawa Tengah",20,36@gmail.com,I*;O)#2q&dJA
37,"Tanggerang, Banten",21,37@gmail.com,-.;l7.&+Z]Hc
38,"Serang, Banten",26,38@gmail.com,YaoyFp^>%;$+
39,"Cilacap, Jawa Tengah",32,39@gmail.com,"I*B""mDR][y+r"
40,"Semarang, Jawa Tengah",27,40@gmail.com,*+R7M!LKujt(
41,"Yogyakarta, DIY",24,41@gmail.com,"o]:Q<w,H2S(_"
42,"Kota Gede, DIY",37,42@gmail.com,/*\//pz*&a>T
43,"Cirebon, Jawa Barat",33,43@gmail.com,X}$v5Nur$*Ay
44,"Subang, Jawa Barat",21,44@gmail.com,Z#-r^!;-7c^+
45,"Karawang, Jawa Barat",25,45@gmail.com,M~GuPs>g9d6J
46,"Purwakarat, Jawa Barat",38,46@gmail.com,"{""9#YagX^@Zc"
47,"Jakarta Utara, DKI Jakarta",31,47@gmail.com,+frhjHEn#GLO
48,"Jakarta Selatan, DKI Jakarta",35,48@gmail.com,21Kx:aQ73C7)
49,"Jakarta Pusat, DKI Jakarta",24,49@gmail.com,EQggctyD4AB8
50,"Bekasi, Jawa Barat",19,50@gmail.com,svDywK+*.\q+
51,"Bogor, Jawa Barat",29,51@gmail.com,.&`~^c[kboQW
52,"Karawang, Jawa Barat",18,52@gmail.com,y7?im'6$'\_x
53,"Subang, Jawa Barat",28,53@gmail.com,"R:&O1D""<>~2m"
54,"Serang, Banten",31,54@gmail.com,"p4l4Nv:pn,XJ"
55,"Tanggerang, Banten",19,55@gmail.com,RVFwi%j?t(Z_
56,"Kota Gede, DIY",18,56@gmail.com,+qy`|h*2YJ]`
57,"Yogyakarta, DIY",21,57@gmail.com,{S%{D[`aVyNi
58,"Lampung, Sumatera Selatan",21,58@gmail.com,{G]_x*Nt>!U2
59,"Ponorogo, Jawa Timur",26,59@gmail.com,".4-tc#^;X-,h"
60,"Surabaya, Jawa Timur",25,60@gmail.com,\`(?n_>~c8I=
61,"Nganjuk, Jawa Timur",23,61@gmail.com,G2jQK{p/9ZQ3
62,"Madura, Jawa Timur",36,62@gmail.com,bJh:1K>8q{b~
63,"Semarang, Jawa Tengah",35,63@gmail.com,^!8P\r9Q3>1p
64,"Bandung, Jawa Barat",38,64@gmail.com,ig>e2anm$ko:
65,"Yogyakarta, DIY",22,65@gmail.com,I&gj3np2IP$o
66,"Bekasi, Jawa Barat",33,66@gmail.com,DbFQd]-<l<4}
67,"Surabaya, Jawa Timur",25,67@gmail.com,yZxE#'U'A=uS
68,"Kota Gede, DIY",37,68@gmail.com,6*(AlX|`H^_R
69,"Bekasi, Jawa Barat",24,69@gmail.com,R+lJ)Op:'mFV
70,"Bogor, Jawa Barat",21,70@gmail.com,"/-<nK,KFcuk'"
71,"Depok, Jawa Barat",39,71@gmail.com,e2XABP;ju!.K
72,"Tanggerang, Banten",19,72@gmail.com,jH|.jT5X5#e$
73,"Serang, Banten",29,73@gmail.com,svpG7EcR25Fw
74,"Semarang, Jawa Tengah",30,74@gmail.com,"R3!dW^.\]""6`"
75,"Bekasi, Jawa Barat",19,75@gmail.com,"MIj,L1gldO!0"
76,"Cirebon, Jawa Barat",19,76@gmail.com,vGzQ:o3H;A$$
77,"Bekasi, Jawa Barat",34,77@gmail.com,:}9g6wj6.a{f
78,"Lampung, Sumatera Selatan",22,78@gmail.com,vd5Qa^]Zq)xY
79,"Jakarta Utara, DKI Jakarta",31,79@gmail.com,{'x+>Fc#[oi>
80,"Jakarta Selatan, DKI Jakarta",32,80@gmail.com,JfH~&2b57[Q;
81,"Bandung, Jawa Barat",29,81@gmail.com,}IR5-*l0+=Z6
82,"Surabaya, Jawa Timur",24,82@gmail.com,QAa$3_/'aasp
83,"Bekasi, Jawa Barat",32,83@gmail.com,cE3pXnM2g*3v
84,"Yogyakarta, DIY",35,84@gmail.com,b\Ca~7:u$tFN
85,"Bogor, Jawa Barat",31,85@gmail.com,"fko\(M""i80k$"
86,"Depok, Jawa Barat",32,86@gmail.com,o(T{3qjD9p&P
87,"Jakarta Pusat, DKI Jakarta",30,87@gmail.com,"t&lk,@]Y65jz"
88,"Jakarta Timur, DKI Jakarta",27,88@gmail.com,H!7:neP#>{jf
89,"Bekasi, Jawa Barat",35,89@gmail.com,W*2[T<y`3h_S
90,"Semarang, Jawa Tengah",29,90@gmail.com,Zuvwx~Pt8I?1
91,"Yogyakarta, DIY",32,91@gmail.com,F$Sf'4>j3M\j
92,"Cirebon, Jawa Barat",39,92@gmail.com,!b]a]:]MypJ*
93,"Lampung, Sumatera Selatan",18,93@gmail.com,^HKE:Ns(hv*0
94,"Semarang, Jawa Tengah",34,94@gmail.com,}}j/[%A&#l.j
95,"Subang, Jawa Barat",27,95@gmail.com,sT:YGK:~FXV?
96,"Jakarta Barat, DKI Jakarta",19,96@gmail.com,c4K$#1KLON^q
97,"Bekasi, Jawa Barat",38,97@gmail.com,1P^AS/#aXswv
98,"Lampung, Sumatera Selatan",28,98@gmail.com,7;m^r/yiq)mb
99,"Palembang, Sumatera Selatan",33,99@gmail.com,ccAuMg6u[ey5
100,"Bogor, Jawa Barat",28,100@gmail.com,ORWp4Dx!ET\e
101,"Sragen, Jawa Tengah",39,101@gmail.com,"\$Sx!\e;OG&"""
102,"Ponorogo, Jawa Timur",21,102@gmail.com,'x3'y~!jJ)9q
103,"Depok, Jawa Barat",30,103@gmail.com,nb&@8IY((?ka
104,"Jakarta Selatan, DKI Jakarta",27,104@gmail.com,"XZ""b38Tp|dA`"
105,"Bekasi, Jawa Barat",37,105@gmail.com,_ho(6hSwQvmx
106,"Ponorogo, Jawa Timur",32,106@gmail.com,gZk'>#{5FcYW
107,"Sragen, Jawa Tengah",24,107@gmail.com,%Os1*T)AfAus
108,"Klaten, Jawa Tengah",33,108@gmail.com,<'ij'I;yhBM~
109,"Solo, Jawa Tengah",18,109@gmail.com,"l1;E30+uW,\q"
110,"Tanggerang, Banten",39,110@gmail.com,gs[EsCj6R|-z
111,"Serang, Banten",38,111@gmail.com,"qn,`RcRm*>dA"
112,"Cilacap, Jawa Tengah",18,112@gmail.com,1;#J2}Y0YXKo
113,"Semarang, Jawa Tengah",38,113@gmail.com,"M)rU+f{L,VaH"
114,"Yogyakarta, DIY",39,114@gmail.com,s^Yb'TbvPxKm
115,"Kota Gede, DIY",26,115@gmail.com,"vZ""p,];b:_HJ"
116,"Cirebon, Jawa Barat",23,116@gmail.com,p9o$X&wE3l;
117,"Subang, Jawa Barat",30,117@gmail.com,FlRZRT~Hh<m#
118,"Karawang, Jawa Barat",32,118@gmail.com,3>%wFTr&Vkq5
119,"Purwakarat, Jawa Barat",25,119@gmail.com,`t:o-JnWLiv\
120,"Jakarta Utara, DKI Jakarta",32,120@gmail.com,?dwi3@T|<.mR
121,"Jakarta Selatan, DKI Jakarta",35,121@gmail.com,\eodvGcMawqA
122,"Jakarta Pusat, DKI Jakarta",24,122@gmail.com,Sp0N7)^TR:tW
123,"Bekasi, Jawa Barat",32,123@gmail.com,F3_{A'Qx]Q#L
124,"Bogor, Jawa Barat",22,124@gmail.com,"[~;LWV5}/Lw,"
125,"Karawang, Jawa Barat",24,125@gmail.com,!5pm%x9Om[A0
126,"Subang, Jawa Barat",32,126@gmail.com,"GmK,fJ;4}UO_"
127,"Serang, Banten",38,127@gmail.com,\3h9`.W\7wl-
128,"Tanggerang, Banten",28,128@gmail.com,~_`5t`B7qdO*
129,"Kota Gede, DIY",29,129@gmail.com,"<""KSO^HU_XO"""
130,"Yogyakarta, DIY",27,130@gmail.com,"6J\jQB0,!!^t"
131,"Lampung, Sumatera Selatan",21,131@gmail.com,Yt\m:~QL~Ci@
132,"Ponorogo, Jawa Timur",31,132@gmail.com,"Bv/!G?<Sn,De"
133,"Surabaya, Jawa Timur",29,133@gmail.com,1Gc0=lr0'7v9
134,"Nganjuk, Jawa Timur",27,134@gmail.com,"X!#$R8S^UeL,"
135,"Madura, Jawa Timur",22,135@gmail.com,"5Z7Q1-nMWoV"""
136,"Semarang, Jawa Tengah",35,136@gmail.com,X-8^ihc1qU/[
137,"Bandung, Jawa Barat",28,137@gmail.com,SVXlo^\D#^/V
138,"Yogyakarta, DIY",25,138@gmail.com,"q9l`,J1\up~J"
139,"Bekasi, Jawa Barat",33,139@gmail.com,6sdl}X|P#i\1
140,"Surabaya, Jawa Timur",25,140@gmail.com,n293B5wj/=U3
141,"Kota Gede, DIY",34,141@gmail.com,]Tsdb9{VSR&e
142,"Bekasi, Jawa Barat",29,142@gmail.com,k_}wI*F0K$<p
143,"Bogor, Jawa Barat",25,143@gmail.com,8eSe0Y3p.dj+
144,"Depok, Jawa Barat",18,144@gmail.com,GB:iU5o2w}ku
145,"Tanggerang, Banten",37,145@gmail.com,x2_D^f:glS5%
146,"Serang, Banten",38,146@gmail.com,\i{MBE1v%R3+
147,"Semarang, Jawa Tengah",18,147@gmail.com,"]QV""pNb""^xpb"
148,"Bekasi, Jawa Barat",33,148@gmail.com,/S8~$x[}t%Fv
149,"Cirebon, Jawa Barat",30,149@gmail.com,H@yuz:E53i:]
150,"Bekasi, Jawa Barat",40,150@gmail.com,1u{bDM//q+$y
151,"Lampung, Sumatera Selatan",36,151@gmail.com,"[},Tl$$L%03U"
152,"Jakarta Utara, DKI Jakarta",25,152@gmail.com,"]k9c),rxd""ta"
153,"Jakarta Selatan, DKI Jakarta",39,153@gmail.com,/fR+@V79a_Xk
154,"Bandung, Jawa Barat",31,154@gmail.com,"V$<,H#8M""JnD"
155,"Surabaya, Jawa Timur",37,155@gmail.com,]ZHHM>l:Vl&'
156,"Bekasi, Jawa Barat",31,156@gmail.com,ZC_yPbhRP-KH
157,"Yogyakarta, DIY",28,157@gmail.com,"v!h}A""(.1/h("
158,"Bogor, Jawa Barat",23,158@gmail.com,J@RmJl/kqKEY
159,"Depok, Jawa Barat",20,159@gmail.com,qiZ#&&\j?|Q&
160,"Jakarta Pusat, DKI Jakarta",36,160@gmail.com,"A~B:,')xA^R("
161,"Jakarta Timur, DKI Jakarta",33,161@gmail.com,q6f#A!zG5r:
162,"Bekasi, Jawa Barat",25,162@gmail.com,ui+]k2o?TrNR
163,"Semarang, Jawa Tengah",40,163@gmail.com,buSkN0T_%M2;
164,"Yogyakarta, DIY",19,164@gmail.com,d<-lZO|CyH9w
165,"Cirebon, Jawa Barat",23,165@gmail.com,e&RhwELXxFQ}
166,"Lampung, Sumatera Selatan",26,166@gmail.com,X6{0y##`HFEv
167,"Semarang, Jawa Tengah",19,167@gmail.com,JtuVAW/LuV2\
168,"Subang, Jawa Barat",38,168@gmail.com,v.20C.|8C]Sx
169,"Jakarta Barat, DKI Jakarta",18,169@gmail.com,o3qrj;>[X.&;
170,"Bekasi, Jawa Barat",19,170@gmail.com,Sx)5c5voI:10
171,"Lampung, Sumatera Selatan",33,171@gmail.com,%J6e$XiKvPrm
172,"Palembang, Sumatera Selatan",34,172@gmail.com,{:t';i6&{'QC
173,"Bogor, Jawa Barat",29,173@gmail.com,Tdg~K)1^me.J
174,"Sragen, Jawa Tengah",32,174@gmail.com,",cJ[:H4c0sHP"
175,"Ponorogo, Jawa Timur",36,175@gmail.com,.g*ewn!z4Zt|
176,"Depok, Jawa Barat",31,176@gmail.com,",5LfrC0av1Wq"
177,"Jakarta Selatan, DKI Jakarta",35,177@gmail.com,"$,(D04sma^Gt"
178,"Bekasi, Jawa Barat",33,178@gmail.com,X!_8551{8-|y
179,"Ponorogo, Jawa Timur",27,179@gmail.com,"cyc>rHW#9~,f"
180,"Sragen, Jawa Tengah",24,180@gmail.com,4zeP!MhdL_y(
181,"Klaten, Jawa Tengah",29,181@gmail.com,nk\hr0MdKa(1
182,"Solo, Jawa Tengah",34,182@gmail.com,hGRqzTc|a{Bh
183,"Tanggerang, Banten",37,183@gmail.com,NM=IHyc{`opq
184,"Serang, Banten",30,184@gmail.com,Z:Ly=tBv;82@
185,"Cilacap, Jawa Tengah",33,185@gmail.com,^k&z^KC9)3-s
186,"Semarang, Jawa Tengah",28,186@gmail.com,gr=6xBdLh::L
187,"Yogyakarta, DIY",25,187@gmail.com,e|Uvi3^?+Ec-
188,"Kota Gede, DIY",37,188@gmail.com,i-E[;pO-tYZg
189,"Cirebon, Jawa Barat",21,189@gmail.com,(s];<>G\=n+S
190,"Subang, Jawa Barat",18,190@gmail.com,N`fRwi?~bNJV
191,"Karawang, Jawa Barat",32,191@gmail.com,Y<'or7*yKfv#
192,"Purwakarat, Jawa Barat",37,192@gmail.com,G7MWLx)7{zU#
193,"Jakarta Utara, DKI Jakarta",20,193@gmail.com,kUzdLQl6.I//
194,"Jakarta Selatan, DKI Jakarta",31,194@gmail.com,Lxu=DKM;17n*
195,"Jakarta Pusat, DKI Jakarta",29,195@gmail.com,FkF/`@RChZ\8
196,"Bekasi, Jawa Barat",28,196@gmail.com,F|dmVw@>ATB~
197,"Bogor, Jawa Barat",27,197@gmail.com,LruV91[gD/_%
198,"Karawang, Jawa Barat",26,198@gmail.com,WRK>&t?wi+Q.
199,"Subang, Jawa Barat",18,199@gmail.com,13Cx36k<uQOH
200,"Serang, Banten",34,200@gmail.com,"0C0e~Iux,B*6"